USE Colegio;

-- Insertar datos en la tabla de docentes
INSERT INTO docentes (id_docente, nombre, apellido, especialidad, direccion, telefono, email, estado) VALUES
(1, 'Juan', 'Pérez', 'Matemáticas', 'Calle 123', '1234567890', 'juan.perez@example.com', 1),
(2, 'María', 'Gómez', 'Historia', 'Calle 234', '1234567891', 'maria.gomez@example.com', 1),
(3, 'Luis', 'Rodríguez', 'Ciencias', 'Calle 345', '1234567892', 'luis.rodriguez@example.com', 1),
(4, 'Ana', 'López', 'Lenguaje', 'Calle 456', '1234567893', 'ana.lopez@example.com', 1),
(5, 'Pedro', 'Martínez', 'Geografía', 'Calle 567', '1234567894', 'pedro.martinez@example.com', 1),
(6, 'Laura', 'García', 'Física', 'Calle 678', '1234567895', 'laura.garcia@example.com', 1),
(7, 'Carlos', 'Sánchez', 'Química', 'Calle 789', '1234567896', 'carlos.sanchez@example.com', 1),
(8, 'Sofía', 'Torres', 'Biología', 'Calle 890', '1234567897', 'sofia.torres@example.com', 1),
(9, 'Daniel', 'Ramos', 'Educación Física', 'Calle 901', '1234567898', 'daniel.ramos@example.com', 1),
(10, 'Elena', 'Castillo', 'Artes', 'Calle 012', '1234567899', 'elena.castillo@example.com', 1);

-- Insertar datos en la tabla de asignaturas
INSERT INTO asignaturas (id_asignatura, nombre, descripcion, docente_ID) VALUES
(1, 'Matemáticas', 'Matemáticas Básicas', 1),
(2, 'Historia', 'Historia Universal', 2),
(3, 'Ciencias', 'Ciencias Naturales', 3),
(4, 'Lenguaje', 'Lenguaje y Comunicación', 4),
(5, 'Geografía', 'Geografía Mundial', 5),
(6, 'Física', 'Física Básica', 6),
(7, 'Química', 'Química Orgánica', 7),
(8, 'Biología', 'Biología General', 8),
(9, 'Educación Física', 'Deportes y Salud', 9),
(10, 'Artes', 'Expresión Artística', 10);

-- Insertar datos en la tabla de estudiantes
INSERT INTO estudiantes (id_estudiante, nombres, apellidos, tipo_documento, num_documento, telefono, email, nombre_acudiente, telefono_acudiente, email_acudiente, estado) VALUES
(1, 'Carlos', 'Hernández', 'CC', '123456789', '3216549870', 'carlos.hernandez@example.com', 'María Hernández', '3216549871', 'maria.hernandez@example.com', 1),
(2, 'Lucía', 'Méndez', 'TI', '987654321', '3216549872', 'lucia.mendez@example.com', 'Juan Méndez', '3216549873', 'juan.mendez@example.com', 1),
(3, 'Miguel', 'Vargas', 'CC', '456789123', '3216549874', 'miguel.vargas@example.com', 'Ana Vargas', '3216549875', 'ana.vargas@example.com', 1),
(4, 'Sofía', 'Cruz', 'TI', '789123456', '3216549876', 'sofia.cruz@example.com', 'Pedro Cruz', '3216549877', 'pedro.cruz@example.com', 1),
(5, 'Diego', 'Silva', 'CC', '159753486', '3216549878', 'diego.silva@example.com', 'Laura Silva', '3216549879', 'laura.silva@example.com', 1),
(6, 'Valeria', 'Ortega', 'TI', '852963741', '3216549880', 'valeria.ortega@example.com', 'Carlos Ortega', '3216549881', 'carlos.ortega@example.com', 1),
(7, 'Javier', 'Ruiz', 'CC', '753159486', '3216549882', 'javier.ruiz@example.com', 'Elena Ruiz', '3216549883', 'elena.ruiz@example.com', 1),
(8, 'Camila', 'Reyes', 'TI', '963258147', '3216549884', 'camila.reyes@example.com', 'Daniel Reyes', '3216549885', 'daniel.reyes@example.com', 1),
(9, 'Alejandro', 'Fernández', 'CC', '951357486', '3216549886', 'alejandro.fernandez@example.com', 'Sofía Fernández', '3216549887', 'sofia.fernandez@example.com', 1),
(10, 'Isabella', 'Morales', 'TI', '357951486', '3216549888', 'isabella.morales@example.com', 'Miguel Morales', '3216549889', 'miguel.morales@example.com', 1);

-- Insertar calificaciones para cada estudiante en cada asignatura
INSERT INTO califaicaciones (id_calificacion, fecha_registro, calificacion, asignatura_ID, estudiante_ID) VALUES
(1, '2024-08-01', 4.5, 1, 1),
(2, '2024-08-01', 3.8, 2, 1),
(3, '2024-08-01', 4.2, 3, 1),
(4, '2024-08-01', 4.0, 4, 1),
(5, '2024-08-01', 3.9, 5, 1),
(6, '2024-08-01', 4.1, 6, 1),
(7, '2024-08-01', 4.3, 7, 1),
(8, '2024-08-01', 3.7, 8, 1),
(9, '2024-08-01', 4.4, 9, 1),
(10, '2024-08-01', 3.6, 10, 1),
(11, '2024-08-01', 4.0, 1, 2),
(12, '2024-08-01', 3.6, 2, 2),
(13, '2024-08-01', 4.1, 3, 2),
(14, '2024-08-01', 4.2, 4, 2),
(15, '2024-08-01', 3.8, 5, 2),
(16, '2024-08-01', 4.3, 6, 2),
(17, '2024-08-01', 4.5, 7, 2),
(18, '2024-08-01', 3.9, 8, 2),
(19, '2024-08-01', 4.2, 9, 2),
(20, '2024-08-01', 3.5, 10, 2),
-- Continua insertando para cada estudiante
(21, '2024-08-01', 4.5, 1, 3),
(22, '2024-08-01', 3.8, 2, 3),
(23, '2024-08-01', 4.2, 3, 3),
(24, '2024-08-01', 4.0, 4, 3),
(25, '2024-08-01', 3.9, 5, 3),
(26, '2024-08-01', 4.1, 6, 3),
(27, '2024-08-01', 4.3, 7, 3),
(28, '2024-08-01', 3.7, 8, 3),
(29, '2024-08-01', 4.4, 9, 3),
(30, '2024-08-01', 3.6, 10, 3),
-- Agrega más calificaciones para cada estudiante
(31, '2024-08-01', 4.5, 1, 4),
(32, '2024-08-01', 3.8, 2, 4),
(33, '2024-08-01', 4.2, 3, 4),
(34, '2024-08-01', 4.0, 4, 4),
(35, '2024-08-01', 3.9, 5, 4),
(36, '2024-08-01', 4.1, 6, 4),
(37, '2024-08-01', 4.3, 7, 4),
(38, '2024-08-01', 3.7, 8, 4),
(39, '2024-08-01', 4.4, 9, 4),
(40, '2024-08-01', 3.6, 10, 4),
-- Sigue con los demás estudiantes y asignaturas
(41, '2024-08-01', 4.5, 1, 5),
(42, '2024-08-01', 3.8, 2, 5),
(43, '2024-08-01', 4.2, 3, 5),
(44, '2024-08-01', 4.0, 4, 5),
(45, '2024-08-01', 3.9, 5, 5),
(46, '2024-08-01', 4.1, 6, 5),
(47, '2024-08-01', 4.3, 7, 5),
(48, '2024-08-01', 3.7, 8, 5),
(49, '2024-08-01', 4.4, 9, 5),
(50, '2024-08-01', 3.6, 10, 5),
(51, '2024-08-01', 4.5, 1, 6),
(52, '2024-08-01', 3.8, 2, 6),
(53, '2024-08-01', 4.2, 3, 6),
(54, '2024-08-01', 4.0, 4, 6),
(55, '2024-08-01', 3.9, 5, 6),
(56, '2024-08-01', 4.1, 6, 6),
(57, '2024-08-01', 4.3, 7, 6),
(58, '2024-08-01', 3.7, 8, 6),
(59, '2024-08-01', 4.4, 9, 6),
(60, '2024-08-01', 3.6, 10, 6),
(61, '2024-08-01', 4.5, 1, 7),
(62, '2024-08-01', 3.8, 2, 7),
(63, '2024-08-01', 4.2, 3, 7),
(64, '2024-08-01', 4.0, 4, 7),
(65, '2024-08-01', 3.9, 5, 7),
(66, '2024-08-01', 4.1, 6, 7),
(67, '2024-08-01', 4.3, 7, 7),
(68, '2024-08-01', 3.7, 8, 7),
(69, '2024-08-01', 4.4, 9, 7),
(70, '2024-08-01', 3.6, 10, 7),
(71, '2024-08-01', 4.5, 1, 8),
(72, '2024-08-01', 3.8, 2, 8),
(73, '2024-08-01', 4.2, 3, 8),
(74, '2024-08-01', 4.0, 4, 8),
(75, '2024-08-01', 3.9, 5, 8),
(76, '2024-08-01', 4.1, 6, 8),
(77, '2024-08-01', 4.3, 7, 8),
(78, '2024-08-01', 3.7, 8, 8),
(79, '2024-08-01', 4.4, 9, 8),
(80, '2024-08-01', 3.6, 10, 8),
(81, '2024-08-01', 4.5, 1, 9),
(82, '2024-08-01', 3.8, 2, 9),
(83, '2024-08-01', 4.2, 3, 9),
(84, '2024-08-01', 4.0, 4, 9),
(85, '2024-08-01', 3.9, 5, 9),
(86, '2024-08-01', 4.1, 6, 9),
(87, '2024-08-01', 4.3, 7, 9),
(88, '2024-08-01', 3.7, 8, 9),
(89, '2024-08-01', 4.4, 9, 9),
(90, '2024-08-01', 3.6, 10, 9),
(91, '2024-08-01', 4.5, 1, 10),
(92, '2024-08-01', 3.8, 2, 10),
(93, '2024-08-01', 4.2, 3, 10),
(94, '2024-08-01', 4.0, 4, 10),
(95, '2024-08-01', 3.9, 5, 10),
(96, '2024-08-01', 4.1, 6, 10),
(97, '2024-08-01', 4.3, 7, 10),
(98, '2024-08-01', 3.7, 8, 10),
(99, '2024-08-01', 4.4, 9, 10),
(100, '2024-08-01', 3.6, 10, 10);
